ID_LAUDO;Ano;Mes;Sistema;Subsistema;Descricao;Tipo_Falha;Gravidade;Urgencia;Tendencia;GUT;Prioridade;Responsavel;Local;Local_Publico;Detalhe_Unidade;Status_Correcao;Data_Conclusao
002/2024;2024;01;Civil;Playground;Fixações de brinquedos sem acabamento de proteção;Segurança;;;;;1;Condomínio;Área comum;Área comum;;Aberto;
003/2024;2024;01;Incêndio;Iluminação de emergência;Luminárias inoperantes;Manutenção;5;5;4;100;1;Condomínio;Área comum;Área comum;;Aberto;
003/2024;2024;01;Incêndio;Iluminação de emergência;Circuito sem identificação no quadro elétrico;Projeto;4;4;2;32;2;Condomínio;Área comum;Área comum;;Aberto;
003/2024;2024;01;Incêndio;Iluminação de emergência;Circuito compartilhado com iluminação normal / sem exclusividade;Projeto;4;4;2;32;2;Condomínio;Área comum;Área comum;;Aberto;
003/2024;2024;01;Incêndio;Sinalização de emergência;Plaqueta de sinalização quebrada ou ausente;Manutenção;;;;;2;Condomínio;Área comum;Área comum;;Aberto;
003/2024;2024;01;Incêndio;Porta corta-fogo;Falha de fechamento automático e/ou fechadura fora de norma;Manutenção;;;;;1;Condomínio;Área comum;Área comum;;Aberto;
003/2024;2024;01;Elétrico;Shaft / infraestrutura;Fechadura do shaft / quadro com problema de integridade;Manutenção;;;;;3;Condomínio;Área comum;Área comum;;Aberto;
003/2024;2024;01;Telecom;Identificação de cabos;Falta de identificação de cabos / organização;Operacional;;;;;3;Condomínio;Área comum;Área comum;;Aberto;
004/2024;2024;02;Civil;Fachada / área técnica;Falha de rejuntamento em área técnica do 3º pavimento;Degradação;;;;;2;Condomínio;Área comum;Área comum;;Aberto;
006/2024;2024;03;Incêndio;Iluminação de emergência;Luminárias das salas CEB alimentadas por circuitos de unidades privativas;Projeto;;;;;1;Condomínio;Área comum;Área comum;;Aberto;
006/2024;2024;03;Incêndio;Iluminação de emergência;Emendas de condutores realizadas na esteira de cabos;Execução;;;;;1;Condomínio;Área comum;Área comum;;Aberto;
008/2024;2024;05;Civil;Piscina;Revestimentos cerâmicos de piso e parede com descolamento / risco de queda;Degradação;;;;;1;Condomínio;Área comum;Área comum;;Aberto;
008/2024;2024;05;Civil;Piscina;Falha na integridade de guarda-corpos e corrimão;Segurança;;;;;1;Condomínio;Área comum;Área comum;;Aberto;
010/2024;2024;05;Hidráulico;Reservatório;Infiltração em reservatório com necessidade de novo teste de estanqueidade;Execução;;;;;2;Condomínio;Área comum;Área comum;Unidade 1801-B afetada;Aberto;
011/2024;2024;05;Civil;Playground;Corrosão na estrutura metálica do balanço;Segurança;;;;;1;Condomínio;Área comum;Área comum;;Aberto;
011/2024;2024;05;Civil;Playground;Danos físicos / amassamento na estação com escorregador;Segurança;;;;;1;Condomínio;Área comum;Área comum;;Aberto;
013/2024;2024;06;Gás;Sistema GLP;Não conformidades identificadas no checklist visual do sistema de gás;Segurança;;;;;1;Condomínio;Área comum;Área comum;;Aberto;
015/2024;2024;07;Civil;Garagem;Revestimento do piso / poliuréia com falha de desempenho;Projeto;;;;;1;Condomínio;Área comum;Área comum;;Aberto;
016/2024;2024;08;Incêndio;SPDA;Necessidade de inspeção / validação técnica do SPDA;Manutenção;;;;;2;Condomínio;Área comum;Área comum;;Aberto;
016/2024;2024;08;Incêndio;Alarme de emergência;Necessidade de inspeção / validação do alarme de emergência;Manutenção;;;;;2;Condomínio;Área comum;Área comum;;Aberto;
017/2024;2024;10;Elétrico;Suprimento;Instabilidade no suprimento elétrico impactando elevadores;Operacional;;;;;2;Condomínio;Geral;Área comum;;Aberto;
019/2024;2024;12;Civil;Unidade / fachada;Fim de vida útil de selante / rejunte com infiltração em unidade;Degradação;;;;;2;Condomínio;Unidade;Unidade;1207-B;Aberto;
019/2024;2024;12;Civil;Esquadrias;Janela com dificuldade de abertura e ausência de selante;Manutenção;;;;;2;Unidade;Unidade;Unidade;1207-B;Aberto;
019/2024;2024;12;Civil;Unidade / janela;Falha de vedação / calafetação abaixo de janelas;Execução;;;;;2;Unidade;Unidade;Unidade;1408-B;Aberto;
020/2024;2024;12;Civil;Piso térreo;Manifestações patológicas em revestimento de piso;Degradação;;;;;2;Condomínio;Área comum;Área comum;;Aberto;
001/2025;2025;01;Hidráulico;Unidade / deck piscina;Infiltração ativa em escada com origem associada a deck/ducha sem impermeabilização adequada;Execução;;;;;2;Unidade;Área comum;Área comum;1804-B;Aberto;
004/2025;2025;01;Civil;Reservatórios;Ausência / necessidade de ART para manutenção de reservatórios;Gestão;;;;;2;Condomínio;Área comum;Área comum;;Aberto;
005/2025;2025;01;Incêndio;Iluminação de emergência;Luminárias inoperantes;Manutenção;;;;;1;Condomínio;Área comum;Área comum;;Aberto;
005/2025;2025;01;Incêndio;Iluminação de emergência;Circuito sem identificação no quadro elétrico;Projeto;;;;;2;Condomínio;Área comum;Área comum;;Aberto;
005/2025;2025;01;Incêndio;Iluminação de emergência;Circuito compartilhado com outros sistemas / não exclusivo;Projeto;;;;;2;Condomínio;Área comum;Área comum;;Aberto;
005/2025;2025;01;Incêndio;Sinalização de emergência;Plaqueta de sinalização quebrada ou ausente;Manutenção;;;;;2;Condomínio;Área comum;Área comum;;Aberto;
005/2025;2025;01;Incêndio;Porta corta-fogo;Porta não fecha automaticamente;Manutenção;;;;;1;Condomínio;Área comum;Área comum;;Aberto;
005/2025;2025;01;Incêndio;Porta corta-fogo;Fechadura não tranca porta como normatizado;Manutenção;;;;;1;Condomínio;Área comum;Área comum;;Aberto;
006/2025;2025;04;Elétrico;Painel geral;DPS do painel geral com especificação divergente do projeto;Projeto;;;;;1;Condomínio;Área comum;Área comum;;Aberto;
006/2025;2025;04;Elétrico;Academia;Quadro de distribuição da academia sem tampa de proteção;Execução;;;;;2;Condomínio;Área comum;Área comum;;Aberto;
006/2025;2025;04;Elétrico;Sala de jogos 02;Módulo de tomada do frigobar solto;Execução;;;;;2;Condomínio;Área comum;Área comum;;Aberto;
006/2025;2025;04;Elétrico;Sala de jogos 01;Tomadas baixas sem proteção;Segurança;;;;;1;Condomínio;Área comum;Área comum;;Aberto;
006/2025;2025;04;Elétrico;CFTV;DPS do CFTV em falha no QDFL bloco A2;Manutenção;;;;;1;Condomínio;Área comum;Área comum;;Aberto;
006/2025;2025;04;Incêndio;Porta corta-fogo;Porta corta-fogo do térreo do bloco A1 travando por atrito com o piso;Execução;;;;;1;Condomínio;Área comum;Área comum;;Aberto;
009/2025;2025;05;Hidráulico;Unidade;Infiltração ativa em área de serviço/cozinha do apto 302-A;Execução;;;;;2;Unidade;Unidade;Unidade;302-A;Aberto;
010/2025;2025;08;Elétrico;Elevadores;Ausência de dispositivos de proteção contra sobretensão no painel dos elevadores;Projeto;4;5;4;80;1;Condomínio;Área comum;Área comum;;Aberto;
011/2025;2025;08;Civil;Fachada;Trinca contínua na interface entre viga e parede de vedação;Degradação;;;;;2;Condomínio;Área comum;Área comum;;Aberto;
012/2025;2025;08;Elétrico;Garagem;Ausência de tampas em trechos de eletrodutos metálicos;Segurança;;;;;2;Condomínio;Área comum;Área comum;;Aberto;
012/2025;2025;08;Elétrico;Garagem;Exposição de partes vivas / condutores energizados;Segurança;;;;;2;Condomínio;Área comum;Área comum;;Aberto;
012/2025;2025;08;Elétrico;Garagem;Conduítes rígidos obsoletos ou sem encaixe adequado;Manutenção;;;;;2;Condomínio;Área comum;Área comum;;Aberto;
012/2025;2025;08;Incêndio;Extintores;Falha na sinalização complementar / bases dos extintores;Manutenção;;;;;2;Condomínio;Área comum;Área comum;;Aberto;
012/2025;2025;08;Gás;Rede de distribuição;Necessidade de manutenção corretiva em válvulas / registros do sistema de gás;Manutenção;;;;;2;Condomínio;Área comum;Área comum;;Aberto;
013/2025;2025;08;Civil;Unidade;Trinca vertical entre pilar e alvenaria por movimentação térmica;Degradação;;;;;3;Unidade;Unidade;Unidade;1602-A;Aberto;
014/2025;2025;08;Incêndio;Iluminação de emergência;Luminárias inoperantes;Manutenção;5;5;4;100;1;Condomínio;Área comum;Área comum;;Aberto;
014/2025;2025;08;Incêndio;Iluminação de emergência;Circuito sem identificação no quadro elétrico;Projeto;5;5;4;100;1;Condomínio;Área comum;Área comum;;Aberto;
014/2025;2025;08;Incêndio;Iluminação de emergência;Circuito compartilhado com outros sistemas;Projeto;5;5;4;100;1;Condomínio;Área comum;Área comum;;Aberto;
014/2025;2025;08;Incêndio;Sinalização de emergência;Plaqueta de sinalização quebrada ou ausente;Manutenção;5;5;4;100;1;Condomínio;Área comum;Área comum;;Aberto;
014/2025;2025;08;Incêndio;Porta corta-fogo;Porta não fecha automaticamente;Manutenção;5;5;4;100;1;Condomínio;Área comum;Área comum;;Aberto;
014/2025;2025;08;Incêndio;Porta corta-fogo;Fechadura não tranca porta como normatizado;Manutenção;5;5;4;100;1;Condomínio;Área comum;Área comum;;Aberto;
014/2025;2025;08;Incêndio;Hidrantes;Ausência de esguicho em pontos de hidrante;Manutenção;5;5;4;100;1;Condomínio;Área comum;Área comum;;Aberto;
014/2025;2025;08;Incêndio;Hidrantes;Tampas de abrigos danificadas;Manutenção;5;5;4;100;1;Condomínio;Área comum;Área comum;;Aberto;
016/2025;2025;;Segurança;Telas de proteção;Degradação / fim de vida útil das telas de proteção;Segurança;;;;;2;Condomínio;Área comum;Área comum;;Aberto;
017/2025;2025;;Civil;Esquadrias acústicas;Mau acabamento em bordas e junções;Execução;;;;;2;Unidade;Unidade;Unidade;1107-B;Aberto;
017/2025;2025;12;Civil;Esquadrias acústicas;Porta esquerda desalinhada;Execução;;;;;2;Unidade;Unidade;Unidade;1107-B;Aberto;
017/2025;2025;12;Civil;Esquadrias acústicas;Silicone interno vazado / vedação comprometida;Execução;;;;;2;Unidade;Unidade;Unidade;1107-B;Aberto;
017/2025;2025;12;Civil;Esquadrias acústicas;Furos de dreno irregulares / retenção hídrica;Execução;;;;;2;Unidade;Unidade;Unidade;1107-B;Aberto;
017/2025;2025;12;Civil;Esquadrias acústicas;Ausência de comprovação técnica do desempenho acústico;Gestão;;;;;2;Unidade;Unidade;Unidade;1107-B;Aberto;
001/2026;2026;;Civil;Grades e fechamentos;Acúmulo de água com pontos de oxidação em grades;Degradação;;;;;3;Condomínio;Área comum;Área comum;;Aberto;
001/2026;2026;;Civil;Grades e fechamentos;Amassados pontuais em fechamentos;Degradação;;;;;3;Condomínio;Área comum;Área comum;;Aberto;
001/2026;2026;;Civil;Grades e fechamentos;Danos à pintura das grades;Degradação;;;;;3;Condomínio;Área comum;Área comum;;Aberto;
001/2026;2026;;Civil;Acabamentos;Rodapé em granito descolado na base de pilar;Degradação;;;;;3;Condomínio;Área comum;Área comum;;Aberto;
001/2026;2026;;Civil;Grades e fechamentos;Grade do depósito com oxidação e desgaste elevado;Degradação;;;;;3;Condomínio;Área comum;Área comum;;Aberto;
001/2026;2026;;Segurança;Sinalização;Ausência de faixa adesiva anti-trombada em porta de acesso às bombas da piscina;Segurança;;;;;3;Condomínio;Área comum;Área comum;;Aberto;
002/2026;2026;;Hidráulico;Unidade;Falha hidrossanitária / impermeabilização da unidade superior;Execução;;;;;2;Unidade;Unidade;Unidade;1301-B / origem 1401-B;Aberto;
003/2026;2026;;Hidráulico;Unidade;Umidade / eflorescência associada a possível vazamento na unidade superior;Execução;;;;;2;Unidade;Unidade;Unidade;108-A / origem 208-A;Aberto;
004/2026;2026;;Hidráulico;Escada / unidade;Vazamento recorrente com possível falha em ponto de água / impermeabilização da unidade 1804-B;Execução;;;;;2;Unidade;Área comum;Área comum;1804-B;Aberto;
005/2026;2026;;Incêndio;Sinalização de combate a incêndio;Revitalização da sinalização de piso de extintores e hidrantes;Manutenção;;;;;2;Condomínio;Área comum;Área comum;;Aberto;
005/2026;2026;;Segurança;Sinalização viária;Setas de sinalização horizontal da garagem deterioradas;Manutenção;;;;;2;Condomínio;Área comum;Área comum;;Aberto;
005/2026;2026;;Gás;Válvulas e registros;Necessidade de manutenção em válvulas e registros do sistema de gás;Manutenção;;;;;2;Condomínio;Área comum;Área comum;;Aberto;
005/2026;2026;;Gás;Estanqueidade;Necessidade de renovação do teste de estanqueidade do sistema de gás;Segurança;;;;;1;Condomínio;Área comum;Área comum;;Aberto;
006/2026;2026;;Elétrico;Condensadoras na cobertura;Condutores aparentes sem proteção mecânica adequada;Segurança;;;;;1;Unidade;Cobertura;Área comum;1801-B e 1804-B;Aberto;
006/2026;2026;;Elétrico;Condensadoras na cobertura;Cabos com isolamento exposto / deteriorado;Segurança;;;;;1;Unidade;Cobertura;Área comum;1801-B e 1804-B;Aberto;
006/2026;2026;;Elétrico;Condensadoras na cobertura;Ausência de prensa-cabos / vedação nas entradas dos equipamentos;Execução;;;;;1;Unidade;Cobertura;Área comum;1801-B e 1804-B;Aberto;
006/2026;2026;;Elétrico;Condensadoras na cobertura;Emendas aparentes e conexões improvisadas;Execução;;;;;1;Unidade;Cobertura;Área comum;1801-B e 1804-B;Aberto;
006/2026;2026;;Elétrico;Condensadoras na cobertura;Fixação deficiente dos cabos;Execução;;;;;1;Unidade;Cobertura;Área comum;1801-B e 1804-B;Aberto;
006/2026;2026;;SPDA;Equipotencialização / aterramento;Condutor de aterramento exposto e sem conexão confiável;Segurança;;;;;1;Unidade;Cobertura;Área comum;1801-B e 1804-B;Aberto;
006/2026;2026;;SPDA;Equipotencialização / aterramento;Ausência de evidência de equipotencialização com o SPDA;Segurança;;;;;1;Unidade;Cobertura;Área comum;1801-B e 1804-B;Aberto;
006/2026;2026;;Climatização;Fixação das condensadoras;Apoio sobre material improvisado sem função estrutural;Execução;;;;;1;Unidade;Cobertura;Área comum;1801-B e 1804-B;Aberto;
006/2026;2026;;Climatização;Fixação das condensadoras;Ausência de base nivelada e amortecimento adequado;Execução;;;;;1;Unidade;Cobertura;Área comum;1801-B e 1804-B;Aberto;
006/2026;2026;;Climatização;Fixação das condensadoras;Fixação precária / sem ancoragem mecânica adequada;Execução;;;;;1;Unidade;Cobertura;Área comum;1801-B e 1804-B;Aberto;
006/2026;2026;;Climatização;Instalação frigorígena;Tubulações com isolamento danificado e exposto às intempéries;Manutenção;;;;;1;Unidade;Cobertura;Área comum;1801-B e 1804-B;Aberto;
006/2026;2026;;Climatização;Instalação frigorígena;Curvaturas inadequadas / ausência de acabamento técnico;Execução;;;;;1;Unidade;Cobertura;Área comum;1801-B e 1804-B;Aberto;
006/2026;2026;;Climatização;Instalação frigorígena;Fixação insuficiente das linhas frigorígenas;Execução;;;;;1;Unidade;Cobertura;Área comum;1801-B e 1804-B;Aberto;
006/2026;2026;;Gestão;Intervenção em área comum;Instalação em área comum sem comunicação prévia / sem ART / sem documentação técnica;Gestão;;;;;1;Unidade;Cobertura;Área comum;1801-B e 1804-B;Aberto;
007/2026;2026;;Civil;Deck / impermeabilização;Furo na parede para passagem de tubulação sem acabamento/impermeabilização;Execução;;;;;2;Unidade;Unidade;Unidade;1706-B / origem 1803-B;Aberto;
007/2026;2026;;Civil;Deck / impermeabilização;Impermeabilização do deck com baixa vida útil aparente;Degradação;;;;;2;Unidade;Unidade;Unidade;1706-B / origem 1803-B;Aberto;
007/2026;2026;;Segurança;Deck piscina;Materiais inflamáveis próximos à bomba da piscina;Segurança;;;;;2;Unidade;Unidade;Unidade;1803-B;Aberto;
007/2026;2026;;Civil;Deck piscina;Ausência de ralo visível para escoamento pluvial;Projeto;;;;;2;Unidade;Unidade;Unidade;1803-B;Aberto;
007/2026;2026;;Operacional;Deck piscina;Entulho e sujeira com risco de entupimento;Operacional;;;;;3;Unidade;Unidade;Unidade;1803-B;Aberto;
007/2026;2026;;Elétrico;Quadro elétrico;Quadro sem identificação de circuitos;Operacional;;;;;2;Unidade;Unidade;Unidade;1803-B;Aberto;
007/2026;2026;;Elétrico;Quadro elétrico;Ausência de dispositivo DR;Segurança;;;;;1;Unidade;Unidade;Unidade;1803-B;Aberto;
008/2026;2026;;Incêndio;Sinalização de extintor;Necessidade de mudança/correção da sinalização do extintor na entrada da garagem;Manutenção;;;;;3;Condomínio;Área comum;Área comum;;Aberto;
008/2026;2026;;Segurança;Corrimão de acessibilidade;Falha de fixação na base do corrimão;Segurança;;;;;3;Condomínio;Área comum;Área comum;;Aberto;
008/2026;2026;;Incêndio;Luminária de emergência;Luminária de emergência do elevador do bloco B com falha de fixação;Manutenção;;;;;3;Condomínio;Área comum;Área comum;;Aberto;
008/2026;2026;;Segurança;Sinalização horizontal;Sinalização horizontal externa deficiente;Manutenção;;;;;3;Condomínio;Área comum;Área comum;;Aberto;
009/2026;2026;;Operacional;Lixeira;Dobradiças rangendo;Manutenção;;;;;3;Condomínio;Área comum;Área comum;;Aberto;
009/2026;2026;;Ventilação;Lixeira;Exaustor não funciona adequadamente;Manutenção;;;;;2;Condomínio;Área comum;Área comum;;Aberto;
009/2026;2026;;Civil;Lixeira;Revestimento cerâmico descolando;Degradação;;;;;2;Condomínio;Área comum;Área comum;;Aberto;
